device,price,,
iPhone 16e,Coming soon.,,
iPhone 16 Pro Max,424.99,,
iPhone 16 Pro,374.95,,
iPhone 16 Plus,324.99,,
iPhone 16,324.95,,
iPhone 15 Pro Max,374.99,,
iPhone 15 Pro Max,324.95,,
iPhone 15 Plus,299.99,,
iPhone 15,274.99,,
iPhone 14 Pro Max,324.85,,
iPhone 14 Pro,299.95,,
iPhone 14 Plus,299.99,,
iPhone 14,274.95,,
iPhone 13 Pro Max,324.99,,
iPhone 13 Pro,299.99,,
iPhone 13,274.95,,
iPhone 13 mini,224.99,,
iPhone 12 Pro Max,324.99,,
iPhone 12 Pro,274.95,,
iPhone 12,274.95,,
iPhone 12 mini,224.99,,
iPhone 11 Pro Max,199.95,,
iPhone 11 Pro,174.99,,
iPhone 11,139.95,,
iPhone XS Max,199.95,,
iPhone XS,174.99,,
iPhone  XR,139.95,,
iPhone X,174.95,,
iPhone SE (2020),129.95,,
iPhone 8 Plus,129.95,,
iPhone 8,129.95,,